,clf_name,params,mean_test_precision,std_test_precision,mean_test_recall,std_test_recall,mean_test_f1-score,std_test_f1-score,mean_test_accuracy,std_test_accuracy,mean_fit_time,std_fit_time
0,AdaBoostClassifier,"{'learning_rate': 0.0001, 'n_estimators': 100}",0.35,0.32015621187164245,0.25,0.21408720964441882,0.27999999999999997,0.2315167380558045,0.83375,0.0563794806053881,0.19383594989776612,0.05493761905454347
1,AdaBoostClassifier,"{'learning_rate': 0.0001, 'n_estimators': 150}",0.35,0.32015621187164245,0.25,0.21408720964441882,0.27999999999999997,0.2315167380558045,0.83375,0.0563794806053881,0.2802316665649414,0.03494429032150415
2,AdaBoostClassifier,"{'learning_rate': 0.0001, 'n_estimators': 200}",0.35,0.32015621187164245,0.25,0.21408720964441882,0.27999999999999997,0.2315167380558045,0.83375,0.0563794806053881,0.3838240623474121,0.10727912930457098
3,AdaBoostClassifier,"{'learning_rate': 0.0001, 'n_estimators': 250}",0.35,0.32015621187164245,0.25,0.21408720964441882,0.27999999999999997,0.2315167380558045,0.83375,0.0563794806053881,0.4915298938751221,0.11880683727394849
4,AdaBoostClassifier,"{'learning_rate': 0.0001, 'n_estimators': 300}",0.35,0.32015621187164245,0.25,0.21408720964441882,0.27999999999999997,0.2315167380558045,0.8525,0.029297326385411573,0.5224244594573975,0.06763745415631352
5,AdaBoostClassifier,"{'learning_rate': 0.0001, 'n_estimators': 350}",0.35,0.32015621187164245,0.25,0.21408720964441882,0.27999999999999997,0.2315167380558045,0.8525,0.029297326385411573,0.6187917947769165,0.05612858034447258
6,AdaBoostClassifier,"{'learning_rate': 0.0001, 'n_estimators': 400}",0.35,0.32015621187164245,0.25,0.21408720964441882,0.27999999999999997,0.2315167380558045,0.8525,0.029297326385411573,0.6487519264221191,0.08772408093688487
7,AdaBoostClassifier,"{'learning_rate': 0.0001, 'n_estimators': 450}",0.35,0.32015621187164245,0.25,0.21408720964441882,0.27999999999999997,0.2315167380558045,0.8525,0.029297326385411573,0.8651940107345581,0.14895980179723128
8,AdaBoostClassifier,"{'learning_rate': 0.0001, 'n_estimators': 500}",0.35,0.32015621187164245,0.25,0.21408720964441882,0.27999999999999997,0.2315167380558045,0.8525,0.029297326385411573,0.6918804883956909,0.00932288521574364
9,AdaBoostClassifier,"{'learning_rate': 0.0201, 'n_estimators': 100}",0.15,0.32015621187164245,0.1,0.20000000000000004,0.11666666666666665,0.2362907813126304,0.8591666666666666,0.03660031875999625,0.13907043933868407,0.002696457764557557
10,AdaBoostClassifier,"{'learning_rate': 0.0201, 'n_estimators': 150}",0.25,0.4031128874149275,0.15,0.22912878474779202,0.1833333333333333,0.2833333333333333,0.8591666666666666,0.04720669679422849,0.20673086643218994,0.0026692582606500904
11,AdaBoostClassifier,"{'learning_rate': 0.0201, 'n_estimators': 200}",0.25,0.4031128874149275,0.15,0.22912878474779202,0.1833333333333333,0.2833333333333333,0.8591666666666666,0.04720669679422849,0.2887768268585205,0.012751825622209506
12,AdaBoostClassifier,"{'learning_rate': 0.0201, 'n_estimators': 250}",0.25,0.4031128874149275,0.15,0.22912878474779202,0.1833333333333333,0.2833333333333333,0.8529166666666667,0.0562438268217549,0.4232590675354004,0.08377106302445218
13,AdaBoostClassifier,"{'learning_rate': 0.0201, 'n_estimators': 300}",0.25,0.4031128874149275,0.15,0.22912878474779202,0.1833333333333333,0.2833333333333333,0.8529166666666667,0.0562438268217549,0.6299763917922974,0.10538168064263718
14,AdaBoostClassifier,"{'learning_rate': 0.0201, 'n_estimators': 350}",0.25,0.4031128874149275,0.15,0.22912878474779202,0.1833333333333333,0.2833333333333333,0.8529166666666667,0.0562438268217549,0.5997488021850585,0.09155665190877128
15,AdaBoostClassifier,"{'learning_rate': 0.0201, 'n_estimators': 400}",0.25,0.4031128874149275,0.15,0.22912878474779202,0.1833333333333333,0.2833333333333333,0.8529166666666667,0.0562438268217549,0.5670804500579834,0.022845737414438277
16,AdaBoostClassifier,"{'learning_rate': 0.0201, 'n_estimators': 450}",0.25,0.4031128874149275,0.15,0.22912878474779202,0.1833333333333333,0.2833333333333333,0.8466666666666667,0.0634045652054242,0.6828833818435669,0.060235125148168686
17,AdaBoostClassifier,"{'learning_rate': 0.0201, 'n_estimators': 500}",0.2333333333333333,0.39581140290126393,0.15,0.22912878474779202,0.17333333333333334,0.27357712704910925,0.83375,0.06963321565332325,0.899022889137268,0.12084897175075131
18,AdaBoostClassifier,"{'learning_rate': 0.040100000000000004, 'n_estimators': 100}",0.25,0.4031128874149275,0.15,0.22912878474779202,0.1833333333333333,0.2833333333333333,0.8591666666666666,0.04720669679422849,0.21943187713623047,0.02941988831829988
19,AdaBoostClassifier,"{'learning_rate': 0.040100000000000004, 'n_estimators': 150}",0.25,0.4031128874149275,0.15,0.22912878474779202,0.1833333333333333,0.2833333333333333,0.8529166666666667,0.0562438268217549,0.3800194263458252,0.13564035099802688
20,AdaBoostClassifier,"{'learning_rate': 0.040100000000000004, 'n_estimators': 200}",0.25,0.4031128874149275,0.15,0.22912878474779202,0.1833333333333333,0.2833333333333333,0.8466666666666667,0.0634045652054242,0.3836621046066284,0.07534388482536705
21,AdaBoostClassifier,"{'learning_rate': 0.040100000000000004, 'n_estimators': 250}",0.2333333333333333,0.39581140290126393,0.15,0.22912878474779202,0.17333333333333334,0.27357712704910925,0.83375,0.06963321565332325,0.43850581645965575,0.05530568303842863
22,AdaBoostClassifier,"{'learning_rate': 0.040100000000000004, 'n_estimators': 300}",0.2333333333333333,0.39581140290126393,0.15,0.22912878474779202,0.17333333333333334,0.27357712704910925,0.83375,0.06963321565332325,0.5599701642990113,0.05587724078465448
23,AdaBoostClassifier,"{'learning_rate': 0.040100000000000004, 'n_estimators': 350}",0.2333333333333333,0.39581140290126393,0.15,0.22912878474779202,0.17333333333333334,0.27357712704910925,0.83375,0.06963321565332325,0.6518965005874634,0.05489155020771625
24,AdaBoostClassifier,"{'learning_rate': 0.040100000000000004, 'n_estimators': 400}",0.2333333333333333,0.39581140290126393,0.15,0.22912878474779202,0.17333333333333334,0.27357712704910925,0.83375,0.06963321565332325,0.6789892435073852,0.0738523807204863
25,AdaBoostClassifier,"{'learning_rate': 0.040100000000000004, 'n_estimators': 450}",0.2333333333333333,0.39581140290126393,0.15,0.22912878474779202,0.17333333333333334,0.27357712704910925,0.8275,0.07903937134252917,0.8572242975234985,0.0944577603512495
26,AdaBoostClassifier,"{'learning_rate': 0.040100000000000004, 'n_estimators': 500}",0.2333333333333333,0.39581140290126393,0.15,0.22912878474779202,0.17333333333333334,0.27357712704910925,0.8275,0.07903937134252917,0.9636036396026612,0.2673696092456907
27,AdaBoostClassifier,"{'learning_rate': 0.0601, 'n_estimators': 100}",0.25,0.4031128874149275,0.15,0.22912878474779202,0.1833333333333333,0.2833333333333333,0.8529166666666667,0.0562438268217549,0.17953927516937257,0.020713276922486965
28,AdaBoostClassifier,"{'learning_rate': 0.0601, 'n_estimators': 150}",0.25,0.4031128874149275,0.15,0.22912878474779202,0.1833333333333333,0.2833333333333333,0.8466666666666667,0.0634045652054242,0.26225671768188474,0.03654604722200586
29,AdaBoostClassifier,"{'learning_rate': 0.0601, 'n_estimators': 200}",0.2333333333333333,0.39581140290126393,0.15,0.22912878474779202,0.17333333333333334,0.27357712704910925,0.83375,0.06963321565332325,0.33556246757507324,0.04567738327235458
30,AdaBoostClassifier,"{'learning_rate': 0.0601, 'n_estimators': 250}",0.2333333333333333,0.39581140290126393,0.15,0.22912878474779202,0.17333333333333334,0.27357712704910925,0.83375,0.06963321565332325,0.4384761333465576,0.11949570426105666
31,AdaBoostClassifier,"{'learning_rate': 0.0601, 'n_estimators': 300}",0.2333333333333333,0.39581140290126393,0.15,0.22912878474779202,0.17333333333333334,0.27357712704910925,0.83375,0.06963321565332325,0.4381178617477417,0.03308159448131166
32,AdaBoostClassifier,"{'learning_rate': 0.0601, 'n_estimators': 350}",0.2333333333333333,0.39581140290126393,0.15,0.22912878474779202,0.17333333333333334,0.27357712704910925,0.8275,0.07903937134252917,0.4894233703613281,0.011238186501696579
33,AdaBoostClassifier,"{'learning_rate': 0.0601, 'n_estimators': 400}",0.2333333333333333,0.3265986323710904,0.18333333333333332,0.22912878474779202,0.19666666666666668,0.25053276565484733,0.8270833333333334,0.06857300448751276,0.5637814283370972,0.027852075663443936
34,AdaBoostClassifier,"{'learning_rate': 0.0601, 'n_estimators': 450}",0.2333333333333333,0.3265986323710904,0.18333333333333332,0.22912878474779202,0.19666666666666668,0.25053276565484733,0.8208333333333334,0.0667447459438652,0.620752477645874,0.008205188358268386
35,AdaBoostClassifier,"{'learning_rate': 0.0601, 'n_estimators': 500}",0.2333333333333333,0.3265986323710904,0.18333333333333332,0.22912878474779202,0.19666666666666668,0.25053276565484733,0.8141666666666666,0.07164243776483942,0.6915053844451904,0.009819842066788171
36,AdaBoostClassifier,"{'learning_rate': 0.0801, 'n_estimators': 100}",0.25,0.4031128874149275,0.15,0.22912878474779202,0.1833333333333333,0.2833333333333333,0.8466666666666667,0.0634045652054242,0.13685803413391112,0.0014600360209133145
37,AdaBoostClassifier,"{'learning_rate': 0.0801, 'n_estimators': 150}",0.2333333333333333,0.39581140290126393,0.15,0.22912878474779202,0.17333333333333334,0.27357712704910925,0.83375,0.06963321565332325,0.2075193405151367,0.004518775808018886
38,AdaBoostClassifier,"{'learning_rate': 0.0801, 'n_estimators': 200}",0.2333333333333333,0.39581140290126393,0.15,0.22912878474779202,0.17333333333333334,0.27357712704910925,0.83375,0.06963321565332325,0.2758704900741577,0.003844947608525288
39,AdaBoostClassifier,"{'learning_rate': 0.0801, 'n_estimators': 250}",0.2333333333333333,0.39581140290126393,0.15,0.22912878474779202,0.17333333333333334,0.27357712704910925,0.8275,0.07903937134252917,0.4070087194442749,0.1027426308145093
40,AdaBoostClassifier,"{'learning_rate': 0.0801, 'n_estimators': 300}",0.2333333333333333,0.3265986323710904,0.18333333333333332,0.22912878474779202,0.19666666666666668,0.25053276565484733,0.8270833333333334,0.06857300448751276,0.44266321659088137,0.032759678954872855
41,AdaBoostClassifier,"{'learning_rate': 0.0801, 'n_estimators': 350}",0.2333333333333333,0.3265986323710904,0.18333333333333332,0.22912878474779202,0.19666666666666668,0.25053276565484733,0.8141666666666666,0.07164243776483942,0.4877082109451294,0.009710414974491436
42,AdaBoostClassifier,"{'learning_rate': 0.0801, 'n_estimators': 400}",0.2333333333333333,0.3265986323710904,0.18333333333333332,0.22912878474779202,0.19666666666666668,0.25053276565484733,0.8141666666666666,0.07164243776483942,0.5691217899322509,0.031123886168411163
43,AdaBoostClassifier,"{'learning_rate': 0.0801, 'n_estimators': 450}",0.2333333333333333,0.3265986323710904,0.18333333333333332,0.22912878474779202,0.19666666666666668,0.25053276565484733,0.8141666666666666,0.07164243776483942,0.7237258911132812,0.10710684801931757
44,AdaBoostClassifier,"{'learning_rate': 0.0801, 'n_estimators': 500}",0.2333333333333333,0.3265986323710904,0.18333333333333332,0.22912878474779202,0.19666666666666668,0.25053276565484733,0.8079166666666666,0.06872979501076824,0.77645263671875,0.09441594805109685
45,AdaBoostClassifier,"{'learning_rate': 0.10010000000000001, 'n_estimators': 100}",0.25,0.4031128874149275,0.15,0.22912878474779202,0.1833333333333333,0.2833333333333333,0.8404166666666667,0.0692732612356472,0.13945207595825196,0.004454024594201425
46,AdaBoostClassifier,"{'learning_rate': 0.10010000000000001, 'n_estimators': 150}",0.2333333333333333,0.39581140290126393,0.15,0.22912878474779202,0.17333333333333334,0.27357712704910925,0.83375,0.06963321565332325,0.2093869924545288,0.004912430127596123
47,AdaBoostClassifier,"{'learning_rate': 0.10010000000000001, 'n_estimators': 200}",0.2333333333333333,0.39581140290126393,0.15,0.22912878474779202,0.17333333333333334,0.27357712704910925,0.83375,0.06963321565332325,0.27832703590393065,0.008792584904546758
48,AdaBoostClassifier,"{'learning_rate': 0.10010000000000001, 'n_estimators': 250}",0.2333333333333333,0.3265986323710904,0.18333333333333332,0.22912878474779202,0.19666666666666668,0.25053276565484733,0.8270833333333334,0.06857300448751276,0.3656022310256958,0.022624952135275277
49,AdaBoostClassifier,"{'learning_rate': 0.10010000000000001, 'n_estimators': 300}",0.2333333333333333,0.3265986323710904,0.18333333333333332,0.22912878474779202,0.19666666666666668,0.25053276565484733,0.8141666666666666,0.07164243776483942,0.4885774374008179,0.09025874893714
50,AdaBoostClassifier,"{'learning_rate': 0.10010000000000001, 'n_estimators': 350}",0.2333333333333333,0.3265986323710904,0.18333333333333332,0.22912878474779202,0.19666666666666668,0.25053276565484733,0.8079166666666666,0.06872979501076824,0.5044274091720581,0.032622709593592696
51,AdaBoostClassifier,"{'learning_rate': 0.10010000000000001, 'n_estimators': 400}",0.2333333333333333,0.3265986323710904,0.18333333333333332,0.22912878474779202,0.19666666666666668,0.25053276565484733,0.8016666666666665,0.07083823512451137,0.5753268718719482,0.061177741063604796
52,AdaBoostClassifier,"{'learning_rate': 0.10010000000000001, 'n_estimators': 450}",0.2333333333333333,0.3265986323710904,0.18333333333333332,0.22912878474779202,0.19666666666666668,0.25053276565484733,0.7954166666666665,0.08244210931853266,0.7277159690856934,0.2051684333311778
53,AdaBoostClassifier,"{'learning_rate': 0.10010000000000001, 'n_estimators': 500}",0.2333333333333333,0.3265986323710904,0.18333333333333332,0.22912878474779202,0.19666666666666668,0.25053276565484733,0.7954166666666665,0.08244210931853266,1.1897399425506592,0.4173324160018621
54,AdaBoostClassifier,"{'learning_rate': 0.1201, 'n_estimators': 100}",0.2333333333333333,0.39581140290126393,0.15,0.22912878474779202,0.17333333333333334,0.27357712704910925,0.83375,0.06963321565332325,0.25175819396972654,0.08762452725358023
55,AdaBoostClassifier,"{'learning_rate': 0.1201, 'n_estimators': 150}",0.2333333333333333,0.39581140290126393,0.15,0.22912878474779202,0.17333333333333334,0.27357712704910925,0.83375,0.06963321565332325,0.3792079210281372,0.14299189892116893
56,AdaBoostClassifier,"{'learning_rate': 0.1201, 'n_estimators': 200}",0.2333333333333333,0.3265986323710904,0.18333333333333332,0.22912878474779202,0.19666666666666668,0.25053276565484733,0.8270833333333334,0.06857300448751276,0.5130008935928345,0.08833757701419165
57,AdaBoostClassifier,"{'learning_rate': 0.1201, 'n_estimators': 250}",0.2333333333333333,0.3265986323710904,0.18333333333333332,0.22912878474779202,0.19666666666666668,0.25053276565484733,0.8204166666666666,0.07391459974562235,0.4247075796127319,0.05537837561540145
58,AdaBoostClassifier,"{'learning_rate': 0.1201, 'n_estimators': 300}",0.2333333333333333,0.3265986323710904,0.18333333333333332,0.22912878474779202,0.19666666666666668,0.25053276565484733,0.8079166666666666,0.06872979501076824,0.47201242446899416,0.04425795848765631
59,AdaBoostClassifier,"{'learning_rate': 0.1201, 'n_estimators': 350}",0.2333333333333333,0.3265986323710904,0.18333333333333332,0.22912878474779202,0.19666666666666668,0.25053276565484733,0.8016666666666665,0.07083823512451137,0.6328933954238891,0.13853146756002907
60,AdaBoostClassifier,"{'learning_rate': 0.1201, 'n_estimators': 400}",0.2333333333333333,0.3265986323710904,0.18333333333333332,0.22912878474779202,0.19666666666666668,0.25053276565484733,0.8016666666666665,0.07083823512451137,0.700055742263794,0.10752067275524568
61,AdaBoostClassifier,"{'learning_rate': 0.1201, 'n_estimators': 450}",0.2333333333333333,0.3265986323710904,0.18333333333333332,0.22912878474779202,0.19666666666666668,0.25053276565484733,0.8016666666666665,0.07083823512451137,0.7090559959411621,0.09622978617190944
62,AdaBoostClassifier,"{'learning_rate': 0.1201, 'n_estimators': 500}",0.2333333333333333,0.3265986323710904,0.18333333333333332,0.22912878474779202,0.19666666666666668,0.25053276565484733,0.7954166666666665,0.08244210931853266,0.7059893369674682,0.029860717387540515
63,AdaBoostClassifier,"{'learning_rate': 0.1401, 'n_estimators': 100}",0.2333333333333333,0.39581140290126393,0.15,0.22912878474779202,0.17333333333333334,0.27357712704910925,0.83375,0.06963321565332325,0.13584580421447753,0.005191130361783544
64,AdaBoostClassifier,"{'learning_rate': 0.1401, 'n_estimators': 150}",0.2333333333333333,0.3265986323710904,0.18333333333333332,0.22912878474779202,0.19666666666666668,0.25053276565484733,0.8333333333333334,0.057524149518074386,0.23251125812530518,0.023673446046508995
65,AdaBoostClassifier,"{'learning_rate': 0.1401, 'n_estimators': 200}",0.2333333333333333,0.3265986323710904,0.18333333333333332,0.22912878474779202,0.19666666666666668,0.25053276565484733,0.8079166666666666,0.08406863102383803,0.3127544403076172,0.06453111312579879
66,AdaBoostClassifier,"{'learning_rate': 0.1401, 'n_estimators': 250}",0.2333333333333333,0.3265986323710904,0.18333333333333332,0.22912878474779202,0.19666666666666668,0.25053276565484733,0.8079166666666666,0.06872979501076824,0.4263836145401001,0.05509404405122619
67,AdaBoostClassifier,"{'learning_rate': 0.1401, 'n_estimators': 300}",0.2333333333333333,0.3265986323710904,0.18333333333333332,0.22912878474779202,0.19666666666666668,0.25053276565484733,0.8016666666666665,0.07083823512451137,0.580117654800415,0.07229808535474046
68,AdaBoostClassifier,"{'learning_rate': 0.1401, 'n_estimators': 350}",0.2333333333333333,0.3265986323710904,0.18333333333333332,0.22912878474779202,0.19666666666666668,0.25053276565484733,0.8016666666666665,0.07083823512451137,0.671515941619873,0.13198502332541495
69,AdaBoostClassifier,"{'learning_rate': 0.1401, 'n_estimators': 400}",0.2333333333333333,0.3265986323710904,0.18333333333333332,0.22912878474779202,0.19666666666666668,0.25053276565484733,0.8016666666666665,0.07083823512451137,0.7733941078186035,0.141776067930281
70,AdaBoostClassifier,"{'learning_rate': 0.1401, 'n_estimators': 450}",0.18333333333333332,0.22912878474779202,0.18333333333333332,0.22912878474779202,0.18,0.22271057451320087,0.7954166666666665,0.060594565671262056,0.9947930335998535,0.214795879995044
71,AdaBoostClassifier,"{'learning_rate': 0.1401, 'n_estimators': 500}",0.18333333333333332,0.22912878474779202,0.18333333333333332,0.22912878474779202,0.18,0.22271057451320087,0.7891666666666666,0.07329544475765343,0.824160361289978,0.12293676828438423
72,AdaBoostClassifier,"{'learning_rate': 0.1601, 'n_estimators': 100}",0.2333333333333333,0.39581140290126393,0.15,0.22912878474779202,0.17333333333333334,0.27357712704910925,0.83375,0.06963321565332325,0.15560414791107177,0.011780145409210203
73,AdaBoostClassifier,"{'learning_rate': 0.1601, 'n_estimators': 150}",0.2333333333333333,0.3265986323710904,0.18333333333333332,0.22912878474779202,0.19666666666666668,0.25053276565484733,0.8141666666666666,0.07164243776483942,0.2254931688308716,0.008142577653423327
74,AdaBoostClassifier,"{'learning_rate': 0.1601, 'n_estimators': 200}",0.2333333333333333,0.3265986323710904,0.18333333333333332,0.22912878474779202,0.19666666666666668,0.25053276565484733,0.8079166666666666,0.06872979501076824,0.3542961597442627,0.10846670540350149
75,AdaBoostClassifier,"{'learning_rate': 0.1601, 'n_estimators': 250}",0.2333333333333333,0.3265986323710904,0.18333333333333332,0.22912878474779202,0.19666666666666668,0.25053276565484733,0.8016666666666665,0.07083823512451137,0.45469624996185304,0.044932152548383855
76,AdaBoostClassifier,"{'learning_rate': 0.1601, 'n_estimators': 300}",0.2333333333333333,0.3265986323710904,0.18333333333333332,0.22912878474779202,0.19666666666666668,0.25053276565484733,0.8016666666666665,0.07083823512451137,0.5522007942199707,0.05058390711005635
77,AdaBoostClassifier,"{'learning_rate': 0.1601, 'n_estimators': 350}",0.18333333333333332,0.22912878474779202,0.18333333333333332,0.22912878474779202,0.18,0.22271057451320087,0.7954166666666665,0.060594565671262056,0.6233738660812378,0.06244173684722396
78,AdaBoostClassifier,"{'learning_rate': 0.1601, 'n_estimators': 400}",0.18333333333333332,0.22912878474779202,0.18333333333333332,0.22912878474779202,0.18,0.22271057451320087,0.7891666666666666,0.07329544475765343,0.8692658185958863,0.24640344634420344
79,AdaBoostClassifier,"{'learning_rate': 0.1601, 'n_estimators': 450}",0.18333333333333332,0.22912878474779202,0.18333333333333332,0.22912878474779202,0.18,0.22271057451320087,0.7954166666666665,0.060594565671262056,0.6744253158569335,0.0810209523685916
80,AdaBoostClassifier,"{'learning_rate': 0.1601, 'n_estimators': 500}",0.18333333333333332,0.22912878474779202,0.18333333333333332,0.22912878474779202,0.18,0.22271057451320087,0.7954166666666665,0.060594565671262056,0.7104026556015015,0.06283265152642788
81,AdaBoostClassifier,"{'learning_rate': 0.18009999999999998, 'n_estimators': 100}",0.2333333333333333,0.39581140290126393,0.15,0.22912878474779202,0.17333333333333334,0.27357712704910925,0.83375,0.06963321565332325,0.2148897647857666,0.07254010997590059
82,AdaBoostClassifier,"{'learning_rate': 0.18009999999999998, 'n_estimators': 150}",0.2333333333333333,0.3265986323710904,0.18333333333333332,0.22912878474779202,0.19666666666666668,0.25053276565484733,0.8141666666666666,0.07164243776483942,0.25834243297576903,0.0487301939786497
83,AdaBoostClassifier,"{'learning_rate': 0.18009999999999998, 'n_estimators': 200}",0.2333333333333333,0.3265986323710904,0.18333333333333332,0.22912878474779202,0.19666666666666668,0.25053276565484733,0.8079166666666666,0.06872979501076824,0.3115300178527832,0.0602103275122801
84,AdaBoostClassifier,"{'learning_rate': 0.18009999999999998, 'n_estimators': 250}",0.2333333333333333,0.3265986323710904,0.18333333333333332,0.22912878474779202,0.19666666666666668,0.25053276565484733,0.8016666666666665,0.07083823512451137,0.3405468225479126,0.015169024278302782
85,AdaBoostClassifier,"{'learning_rate': 0.18009999999999998, 'n_estimators': 300}",0.2333333333333333,0.3265986323710904,0.18333333333333332,0.22912878474779202,0.19666666666666668,0.25053276565484733,0.8016666666666665,0.07083823512451137,0.6018872022628784,0.13630523579892104
86,AdaBoostClassifier,"{'learning_rate': 0.18009999999999998, 'n_estimators': 350}",0.18333333333333332,0.22912878474779202,0.18333333333333332,0.22912878474779202,0.18,0.22271057451320087,0.7954166666666665,0.060594565671262056,0.6491203546524048,0.059800115750586955
87,AdaBoostClassifier,"{'learning_rate': 0.18009999999999998, 'n_estimators': 400}",0.18333333333333332,0.22912878474779202,0.18333333333333332,0.22912878474779202,0.18,0.22271057451320087,0.7891666666666666,0.07329544475765343,0.6516334056854248,0.14917143710894437
88,AdaBoostClassifier,"{'learning_rate': 0.18009999999999998, 'n_estimators': 450}",0.18333333333333332,0.22912878474779202,0.18333333333333332,0.22912878474779202,0.18,0.22271057451320087,0.7891666666666666,0.07329544475765343,0.694364047050476,0.07916599252900194
89,AdaBoostClassifier,"{'learning_rate': 0.18009999999999998, 'n_estimators': 500}",0.18333333333333332,0.22912878474779202,0.18333333333333332,0.22912878474779202,0.18,0.22271057451320087,0.7954166666666665,0.060594565671262056,0.8340281009674072,0.1605073426298275
90,AdaBoostClassifier,"{'learning_rate': 0.2001, 'n_estimators': 100}",0.2333333333333333,0.3265986323710904,0.18333333333333332,0.22912878474779202,0.19666666666666668,0.25053276565484733,0.8270833333333334,0.056033534106322835,0.2415665864944458,0.08085322442201348
91,AdaBoostClassifier,"{'learning_rate': 0.2001, 'n_estimators': 150}",0.2333333333333333,0.3265986323710904,0.18333333333333332,0.22912878474779202,0.19666666666666668,0.25053276565484733,0.8141666666666666,0.07164243776483942,0.2058014154434204,0.015606579972202947
92,AdaBoostClassifier,"{'learning_rate': 0.2001, 'n_estimators': 200}",0.2333333333333333,0.3265986323710904,0.18333333333333332,0.22912878474779202,0.19666666666666668,0.25053276565484733,0.8016666666666665,0.07083823512451137,0.29793572425842285,0.032796907744839794
93,AdaBoostClassifier,"{'learning_rate': 0.2001, 'n_estimators': 250}",0.2333333333333333,0.3265986323710904,0.18333333333333332,0.22912878474779202,0.19666666666666668,0.25053276565484733,0.8016666666666665,0.07083823512451137,0.4445100069046021,0.0833295066279289
94,AdaBoostClassifier,"{'learning_rate': 0.2001, 'n_estimators': 300}",0.18333333333333332,0.22912878474779202,0.18333333333333332,0.22912878474779202,0.18,0.22271057451320087,0.7954166666666665,0.060594565671262056,0.5723661422729492,0.15617128015181633
95,AdaBoostClassifier,"{'learning_rate': 0.2001, 'n_estimators': 350}",0.18333333333333332,0.22912878474779202,0.18333333333333332,0.22912878474779202,0.18,0.22271057451320087,0.7954166666666665,0.060594565671262056,0.6087221384048462,0.12667363834838336
96,AdaBoostClassifier,"{'learning_rate': 0.2001, 'n_estimators': 400}",0.18333333333333332,0.22912878474779202,0.18333333333333332,0.22912878474779202,0.18,0.22271057451320087,0.7891666666666666,0.07329544475765343,0.6684651374816895,0.08549883607707254
97,AdaBoostClassifier,"{'learning_rate': 0.2001, 'n_estimators': 450}",0.18333333333333332,0.22912878474779202,0.18333333333333332,0.22912878474779202,0.18,0.22271057451320087,0.7891666666666666,0.07329544475765343,0.9014946699142456,0.20091841849688874
98,AdaBoostClassifier,"{'learning_rate': 0.2001, 'n_estimators': 500}",0.19999999999999998,0.20816659994661327,0.21666666666666665,0.2242270674512285,0.2033333333333333,0.206801031589948,0.7883333333333333,0.05856501610271368,0.829609751701355,0.061981910602602754
99,AdaBoostClassifier,"{'learning_rate': 0.2201, 'n_estimators': 100}",0.2333333333333333,0.3265986323710904,0.18333333333333332,0.22912878474779202,0.19666666666666668,0.25053276565484733,0.8208333333333334,0.0667447459438652,0.1605924606323242,0.026963604234866434
100,AdaBoostClassifier,"{'learning_rate': 0.2201, 'n_estimators': 150}",0.2333333333333333,0.3265986323710904,0.18333333333333332,0.22912878474779202,0.19666666666666668,0.25053276565484733,0.8141666666666666,0.07164243776483942,0.23829240798950196,0.018712954151508653
101,AdaBoostClassifier,"{'learning_rate': 0.2201, 'n_estimators': 200}",0.2333333333333333,0.3265986323710904,0.18333333333333332,0.22912878474779202,0.19666666666666668,0.25053276565484733,0.8016666666666665,0.07083823512451137,0.32120022773742674,0.029383802953360707
102,AdaBoostClassifier,"{'learning_rate': 0.2201, 'n_estimators': 250}",0.2333333333333333,0.3265986323710904,0.18333333333333332,0.22912878474779202,0.19666666666666668,0.25053276565484733,0.8016666666666665,0.07083823512451137,0.40549578666687014,0.0341557071615216
103,AdaBoostClassifier,"{'learning_rate': 0.2201, 'n_estimators': 300}",0.18333333333333332,0.22912878474779202,0.18333333333333332,0.22912878474779202,0.18,0.22271057451320087,0.7954166666666665,0.060594565671262056,0.4941489458084106,0.0465340486245343
104,AdaBoostClassifier,"{'learning_rate': 0.2201, 'n_estimators': 350}",0.18333333333333332,0.22912878474779202,0.18333333333333332,0.22912878474779202,0.18,0.22271057451320087,0.7954166666666665,0.060594565671262056,0.5828033208847045,0.06001024901658677
105,AdaBoostClassifier,"{'learning_rate': 0.2201, 'n_estimators': 400}",0.21666666666666665,0.2242270674512285,0.21666666666666665,0.2242270674512285,0.21333333333333332,0.2181742422927143,0.7949999999999999,0.04698551786336818,0.6825894355773926,0.04544430831744704
106,AdaBoostClassifier,"{'learning_rate': 0.2201, 'n_estimators': 450}",0.20833333333333331,0.2212653007891959,0.21666666666666665,0.2242270674512285,0.20857142857142857,0.2160120933878377,0.7820833333333332,0.0652731972388191,0.7711076736450195,0.06607054542646784
107,AdaBoostClassifier,"{'learning_rate': 0.2201, 'n_estimators': 500}",0.19166666666666665,0.20429417786885437,0.21666666666666665,0.2242270674512285,0.19857142857142857,0.20428571428571432,0.7754166666666666,0.059437467139843714,0.8122918128967285,0.030863288785979163
108,AdaBoostClassifier,"{'learning_rate': 0.24009999999999998, 'n_estimators': 100}",0.2333333333333333,0.3265986323710904,0.18333333333333332,0.22912878474779202,0.19666666666666668,0.25053276565484733,0.8208333333333334,0.0667447459438652,0.16330392360687257,0.01267753754773266
109,AdaBoostClassifier,"{'learning_rate': 0.24009999999999998, 'n_estimators': 150}",0.2333333333333333,0.3265986323710904,0.18333333333333332,0.22912878474779202,0.19666666666666668,0.25053276565484733,0.8079166666666666,0.06872979501076824,0.25998969078063966,0.040394934503201606
110,AdaBoostClassifier,"{'learning_rate': 0.24009999999999998, 'n_estimators': 200}",0.18333333333333332,0.22912878474779202,0.18333333333333332,0.22912878474779202,0.18,0.22271057451320087,0.7954166666666665,0.060594565671262056,0.32401323318481445,0.023813112440515816
111,AdaBoostClassifier,"{'learning_rate': 0.24009999999999998, 'n_estimators': 250}",0.18333333333333332,0.22912878474779202,0.18333333333333332,0.22912878474779202,0.18,0.22271057451320087,0.78875,0.05587218797298787,0.40350801944732667,0.022927517603099277
112,AdaBoostClassifier,"{'learning_rate': 0.24009999999999998, 'n_estimators': 300}",0.18333333333333332,0.22912878474779202,0.18333333333333332,0.22912878474779202,0.18,0.22271057451320087,0.78875,0.05587218797298787,0.5530060768127442,0.05777881114360835
113,AdaBoostClassifier,"{'learning_rate': 0.24009999999999998, 'n_estimators': 350}",0.21666666666666665,0.2242270674512285,0.21666666666666665,0.2242270674512285,0.21333333333333332,0.2181742422927143,0.7949999999999999,0.04698551786336818,0.6229048728942871,0.02647116661577011
114,AdaBoostClassifier,"{'learning_rate': 0.24009999999999998, 'n_estimators': 400}",0.21666666666666665,0.2242270674512285,0.21666666666666665,0.2242270674512285,0.21333333333333332,0.2181742422927143,0.7949999999999999,0.04698551786336818,0.7174971580505372,0.10306694333907494
115,AdaBoostClassifier,"{'learning_rate': 0.24009999999999998, 'n_estimators': 450}",0.19166666666666665,0.20429417786885437,0.21666666666666665,0.2242270674512285,0.19857142857142857,0.20428571428571432,0.7754166666666666,0.059437467139843714,0.7784003734588623,0.07799127959817825
116,AdaBoostClassifier,"{'learning_rate': 0.24009999999999998, 'n_estimators': 500}",0.19166666666666665,0.20429417786885437,0.21666666666666665,0.2242270674512285,0.19857142857142857,0.20428571428571432,0.7754166666666666,0.059437467139843714,0.8108547925949097,0.04477327457906303
117,AdaBoostClassifier,"{'learning_rate': 0.2601, 'n_estimators': 100}",0.2333333333333333,0.3265986323710904,0.18333333333333332,0.22912878474779202,0.19666666666666668,0.25053276565484733,0.8208333333333334,0.0667447459438652,0.16580450534820557,0.006401521882730871
118,AdaBoostClassifier,"{'learning_rate': 0.2601, 'n_estimators': 150}",0.2333333333333333,0.3265986323710904,0.18333333333333332,0.22912878474779202,0.19666666666666668,0.25053276565484733,0.8016666666666665,0.07083823512451137,0.24311769008636475,0.01526191679900567
119,AdaBoostClassifier,"{'learning_rate': 0.2601, 'n_estimators': 200}",0.2333333333333333,0.3265986323710904,0.18333333333333332,0.22912878474779202,0.19666666666666668,0.25053276565484733,0.8016666666666665,0.07083823512451137,0.32060167789459226,0.018194931264778523
120,AdaBoostClassifier,"{'learning_rate': 0.2601, 'n_estimators': 250}",0.18333333333333332,0.22912878474779202,0.18333333333333332,0.22912878474779202,0.18,0.22271057451320087,0.7954166666666665,0.060594565671262056,0.410015344619751,0.02095769937049919
121,AdaBoostClassifier,"{'learning_rate': 0.2601, 'n_estimators': 300}",0.21666666666666665,0.2242270674512285,0.21666666666666665,0.2242270674512285,0.21333333333333332,0.2181742422927143,0.7949999999999999,0.04698551786336818,0.6574015617370605,0.16844500133900686
122,AdaBoostClassifier,"{'learning_rate': 0.2601, 'n_estimators': 350}",0.16666666666666666,0.21081851067789195,0.18333333333333332,0.22912878474779202,0.17,0.21000000000000002,0.7820833333333332,0.04982782856998688,0.6198927879333496,0.10071398120583619
123,AdaBoostClassifier,"{'learning_rate': 0.2601, 'n_estimators': 400}",0.19999999999999998,0.20816659994661327,0.21666666666666665,0.2242270674512285,0.2033333333333333,0.206801031589948,0.7816666666666666,0.05277704677856339,0.6562646627426147,0.0556412082549245
124,AdaBoostClassifier,"{'learning_rate': 0.2601, 'n_estimators': 450}",0.19166666666666665,0.20429417786885437,0.21666666666666665,0.2242270674512285,0.19857142857142857,0.20428571428571432,0.7754166666666666,0.059437467139843714,0.7636138439178467,0.055675084254756216
125,AdaBoostClassifier,"{'learning_rate': 0.2601, 'n_estimators': 500}",0.175,0.18427786989579983,0.21666666666666665,0.2242270674512285,0.18857142857142856,0.1913219319175224,0.7691666666666667,0.05137687547266119,0.8138569831848145,0.05838917433492568
126,AdaBoostClassifier,"{'learning_rate': 0.2801, 'n_estimators': 100}",0.2333333333333333,0.3265986323710904,0.18333333333333332,0.22912878474779202,0.19666666666666668,0.25053276565484733,0.8141666666666666,0.07164243776483942,0.15939908027648925,0.008675454842466783
127,AdaBoostClassifier,"{'learning_rate': 0.2801, 'n_estimators': 150}",0.2333333333333333,0.3265986323710904,0.18333333333333332,0.22912878474779202,0.19666666666666668,0.25053276565484733,0.8016666666666665,0.07083823512451137,0.2420957565307617,0.02101056912642442
128,AdaBoostClassifier,"{'learning_rate': 0.2801, 'n_estimators': 200}",0.18333333333333332,0.22912878474779202,0.18333333333333332,0.22912878474779202,0.18,0.22271057451320087,0.7954166666666665,0.060594565671262056,0.3280994415283203,0.01708120751403262
129,AdaBoostClassifier,"{'learning_rate': 0.2801, 'n_estimators': 250}",0.18333333333333332,0.22912878474779202,0.18333333333333332,0.22912878474779202,0.18,0.22271057451320087,0.7954166666666665,0.060594565671262056,0.47479207515716554,0.11468012299159196
130,AdaBoostClassifier,"{'learning_rate': 0.2801, 'n_estimators': 300}",0.21666666666666665,0.2242270674512285,0.21666666666666665,0.2242270674512285,0.21333333333333332,0.2181742422927143,0.7949999999999999,0.04698551786336818,0.8871016263961792,0.0584053043862946
131,AdaBoostClassifier,"{'learning_rate': 0.2801, 'n_estimators': 350}",0.19999999999999998,0.20816659994661327,0.21666666666666665,0.2242270674512285,0.2033333333333333,0.206801031589948,0.7816666666666666,0.05277704677856339,0.7670145273208618,0.2048266849284848
132,AdaBoostClassifier,"{'learning_rate': 0.2801, 'n_estimators': 400}",0.19999999999999998,0.20816659994661327,0.21666666666666665,0.2242270674512285,0.2033333333333333,0.206801031589948,0.7816666666666666,0.05277704677856339,0.7074955463409424,0.11040509635655067
133,AdaBoostClassifier,"{'learning_rate': 0.2801, 'n_estimators': 450}",0.175,0.18427786989579983,0.21666666666666665,0.2242270674512285,0.18857142857142856,0.1913219319175224,0.7691666666666667,0.05137687547266119,0.8130940198898315,0.10301538352898207
134,AdaBoostClassifier,"{'learning_rate': 0.2801, 'n_estimators': 500}",0.175,0.18427786989579983,0.21666666666666665,0.2242270674512285,0.18857142857142856,0.1913219319175224,0.7691666666666667,0.05137687547266119,1.0827091932296753,0.22054676029268652
135,AdaBoostClassifier,"{'learning_rate': 0.3001, 'n_estimators': 100}",0.2333333333333333,0.3265986323710904,0.18333333333333332,0.22912878474779202,0.19666666666666668,0.25053276565484733,0.8208333333333334,0.0667447459438652,0.16600730419158935,0.015336973045237148
136,AdaBoostClassifier,"{'learning_rate': 0.3001, 'n_estimators': 150}",0.2333333333333333,0.3265986323710904,0.18333333333333332,0.22912878474779202,0.19666666666666668,0.25053276565484733,0.8016666666666665,0.07083823512451137,0.24901061058044432,0.018316102785247628
137,AdaBoostClassifier,"{'learning_rate': 0.3001, 'n_estimators': 200}",0.18333333333333332,0.22912878474779202,0.18333333333333332,0.22912878474779202,0.18,0.22271057451320087,0.7954166666666665,0.060594565671262056,0.3112221956253052,0.01744225560009698
138,AdaBoostClassifier,"{'learning_rate': 0.3001, 'n_estimators': 250}",0.21666666666666665,0.2242270674512285,0.21666666666666665,0.2242270674512285,0.21333333333333332,0.2181742422927143,0.8016666666666665,0.051713688280334034,0.3816900491714478,0.034111222274155736
139,AdaBoostClassifier,"{'learning_rate': 0.3001, 'n_estimators': 300}",0.19999999999999998,0.20816659994661327,0.21666666666666665,0.2242270674512285,0.2033333333333333,0.206801031589948,0.7816666666666666,0.05277704677856339,0.5018882513046264,0.04945156209352498
140,AdaBoostClassifier,"{'learning_rate': 0.3001, 'n_estimators': 350}",0.19999999999999998,0.20816659994661327,0.21666666666666665,0.2242270674512285,0.2033333333333333,0.206801031589948,0.7816666666666666,0.05277704677856339,0.7643043756484985,0.17402405493553272
141,AdaBoostClassifier,"{'learning_rate': 0.3001, 'n_estimators': 400}",0.1833333333333333,0.18929694486000911,0.21666666666666665,0.2242270674512285,0.1933333333333333,0.19425069712444623,0.7754166666666666,0.044388202261411776,0.6604025602340698,0.0776533353232141
142,AdaBoostClassifier,"{'learning_rate': 0.3001, 'n_estimators': 450}",0.175,0.18427786989579983,0.21666666666666665,0.2242270674512285,0.18857142857142856,0.1913219319175224,0.7691666666666667,0.05137687547266119,0.7859992504119873,0.08763759113078948
143,AdaBoostClassifier,"{'learning_rate': 0.3001, 'n_estimators': 500}",0.175,0.18427786989579983,0.21666666666666665,0.2242270674512285,0.18857142857142856,0.1913219319175224,0.7691666666666667,0.05137687547266119,0.8486147165298462,0.087612311766535
144,AdaBoostClassifier,"{'learning_rate': 0.3201, 'n_estimators': 100}",0.2333333333333333,0.3265986323710904,0.18333333333333332,0.22912878474779202,0.19666666666666668,0.25053276565484733,0.8141666666666666,0.07164243776483942,0.15999870300292968,0.013865943416373875
145,AdaBoostClassifier,"{'learning_rate': 0.3201, 'n_estimators': 150}",0.2333333333333333,0.3265986323710904,0.18333333333333332,0.22912878474779202,0.19666666666666668,0.25053276565484733,0.8016666666666665,0.07083823512451137,0.219110107421875,0.00428791010614698
146,AdaBoostClassifier,"{'learning_rate': 0.3201, 'n_estimators': 200}",0.18333333333333332,0.22912878474779202,0.18333333333333332,0.22912878474779202,0.18,0.22271057451320087,0.7954166666666665,0.060594565671262056,0.30350561141967775,0.029606016218862195
147,AdaBoostClassifier,"{'learning_rate': 0.3201, 'n_estimators': 250}",0.18333333333333332,0.22912878474779202,0.18333333333333332,0.22912878474779202,0.18,0.22271057451320087,0.7954166666666665,0.060594565671262056,0.3666109323501587,0.0057555184005549384
148,AdaBoostClassifier,"{'learning_rate': 0.3201, 'n_estimators': 300}",0.19999999999999998,0.20816659994661327,0.21666666666666665,0.2242270674512285,0.2033333333333333,0.206801031589948,0.7816666666666666,0.05277704677856339,0.49428434371948243,0.052817488643303184
149,AdaBoostClassifier,"{'learning_rate': 0.3201, 'n_estimators': 350}",0.19999999999999998,0.20816659994661327,0.21666666666666665,0.2242270674512285,0.2033333333333333,0.206801031589948,0.7816666666666666,0.05277704677856339,0.5453041315078735,0.029554557858925946
150,AdaBoostClassifier,"{'learning_rate': 0.3201, 'n_estimators': 400}",0.1833333333333333,0.18929694486000911,0.21666666666666665,0.2242270674512285,0.1933333333333333,0.19425069712444623,0.7754166666666666,0.044388202261411776,0.5956990242004394,0.010766723238790049
151,AdaBoostClassifier,"{'learning_rate': 0.3201, 'n_estimators': 450}",0.175,0.18427786989579983,0.21666666666666665,0.2242270674512285,0.18857142857142856,0.1913219319175224,0.7691666666666667,0.05137687547266119,0.729613995552063,0.050670166734788705
152,AdaBoostClassifier,"{'learning_rate': 0.3201, 'n_estimators': 500}",0.175,0.18427786989579983,0.21666666666666665,0.2242270674512285,0.18857142857142856,0.1913219319175224,0.7758333333333333,0.04090130397269343,0.7428091764450073,0.014536161132187607
153,AdaBoostClassifier,"{'learning_rate': 0.3401, 'n_estimators': 100}",0.2333333333333333,0.3265986323710904,0.18333333333333332,0.22912878474779202,0.19666666666666668,0.25053276565484733,0.8016666666666665,0.07083823512451137,0.14651744365692138,0.0028534841536041297
154,AdaBoostClassifier,"{'learning_rate': 0.3401, 'n_estimators': 150}",0.18333333333333332,0.22912878474779202,0.18333333333333332,0.22912878474779202,0.18,0.22271057451320087,0.7954166666666665,0.060594565671262056,0.2203070640563965,0.005015373616237592
155,AdaBoostClassifier,"{'learning_rate': 0.3401, 'n_estimators': 200}",0.18333333333333332,0.22912878474779202,0.18333333333333332,0.22912878474779202,0.18,0.22271057451320087,0.7954166666666665,0.060594565671262056,0.2933969020843506,0.004551886123304957
156,AdaBoostClassifier,"{'learning_rate': 0.3401, 'n_estimators': 250}",0.21666666666666665,0.2242270674512285,0.21666666666666665,0.2242270674512285,0.21333333333333332,0.2181742422927143,0.7949999999999999,0.06313015655506225,0.3640848875045776,0.004871143624251308
157,AdaBoostClassifier,"{'learning_rate': 0.3401, 'n_estimators': 300}",0.19999999999999998,0.20816659994661327,0.21666666666666665,0.2242270674512285,0.2033333333333333,0.206801031589948,0.7816666666666666,0.05277704677856339,0.45579750537872316,0.022533214679637984
158,AdaBoostClassifier,"{'learning_rate': 0.3401, 'n_estimators': 350}",0.1833333333333333,0.18929694486000911,0.21666666666666665,0.2242270674512285,0.1933333333333333,0.19425069712444623,0.7754166666666666,0.044388202261411776,0.5840094327926636,0.048218265105697475
159,AdaBoostClassifier,"{'learning_rate': 0.3401, 'n_estimators': 400}",0.1833333333333333,0.18929694486000911,0.21666666666666665,0.2242270674512285,0.1933333333333333,0.19425069712444623,0.7754166666666666,0.044388202261411776,0.6498087882995606,0.08454303590947126
160,AdaBoostClassifier,"{'learning_rate': 0.3401, 'n_estimators': 450}",0.175,0.18427786989579983,0.21666666666666665,0.2242270674512285,0.18857142857142856,0.1913219319175224,0.7758333333333333,0.04090130397269343,0.7089079856872559,0.04254235981985767
161,AdaBoostClassifier,"{'learning_rate': 0.3401, 'n_estimators': 500}",0.20833333333333331,0.1796988221070652,0.26666666666666666,0.22607766610417562,0.22857142857142856,0.18952141659173716,0.7825,0.038810436740650066,0.7935975790023804,0.04739907888907689
162,AdaBoostClassifier,"{'learning_rate': 0.3601, 'n_estimators': 100}",0.2333333333333333,0.3265986323710904,0.18333333333333332,0.22912878474779202,0.19666666666666668,0.25053276565484733,0.8141666666666666,0.07164243776483942,0.1514979839324951,0.00922766342180034
163,AdaBoostClassifier,"{'learning_rate': 0.3601, 'n_estimators': 150}",0.18333333333333332,0.22912878474779202,0.18333333333333332,0.22912878474779202,0.18,0.22271057451320087,0.7954166666666665,0.060594565671262056,0.23310139179229736,0.014837642978851132
164,AdaBoostClassifier,"{'learning_rate': 0.3601, 'n_estimators': 200}",0.18333333333333332,0.22912878474779202,0.18333333333333332,0.22912878474779202,0.18,0.22271057451320087,0.7954166666666665,0.060594565671262056,0.3254948377609253,0.01844837450334966
165,AdaBoostClassifier,"{'learning_rate': 0.3601, 'n_estimators': 250}",0.16666666666666666,0.21081851067789195,0.18333333333333332,0.22912878474779202,0.17,0.21000000000000002,0.7820833333333332,0.0652731972388191,0.4253882884979248,0.031727821193769865
166,AdaBoostClassifier,"{'learning_rate': 0.3601, 'n_estimators': 300}",0.1833333333333333,0.18929694486000911,0.21666666666666665,0.2242270674512285,0.1933333333333333,0.19425069712444623,0.7820833333333332,0.051943144665853445,0.5088963747024536,0.07298261510799156
167,AdaBoostClassifier,"{'learning_rate': 0.3601, 'n_estimators': 350}",0.1833333333333333,0.18929694486000911,0.21666666666666665,0.2242270674512285,0.1933333333333333,0.19425069712444623,0.7754166666666666,0.044388202261411776,0.6098996877670289,0.08543223817083646
168,AdaBoostClassifier,"{'learning_rate': 0.3601, 'n_estimators': 400}",0.1833333333333333,0.18929694486000911,0.21666666666666665,0.2242270674512285,0.1933333333333333,0.19425069712444623,0.7820833333333332,0.030336652748779013,0.6568139791488647,0.05834998078538247
169,AdaBoostClassifier,"{'learning_rate': 0.3601, 'n_estimators': 450}",0.20833333333333331,0.1796988221070652,0.26666666666666666,0.22607766610417562,0.22857142857142856,0.18952141659173716,0.7825,0.038810436740650066,0.6913932085037231,0.07189917202258589
170,AdaBoostClassifier,"{'learning_rate': 0.3601, 'n_estimators': 500}",0.20833333333333331,0.1796988221070652,0.26666666666666666,0.22607766610417562,0.22857142857142856,0.18952141659173716,0.7825,0.038810436740650066,0.7362246751785279,0.009693204505188806
171,AdaBoostClassifier,"{'learning_rate': 0.3801, 'n_estimators': 100}",0.2333333333333333,0.3265986323710904,0.18333333333333332,0.22912878474779202,0.19666666666666668,0.25053276565484733,0.8141666666666666,0.07164243776483942,0.15232410430908203,0.007424862082020274
172,AdaBoostClassifier,"{'learning_rate': 0.3801, 'n_estimators': 150}",0.21666666666666665,0.2242270674512285,0.21666666666666665,0.2242270674512285,0.21333333333333332,0.2181742422927143,0.8016666666666665,0.051713688280334034,0.22020301818847657,0.0044049490472874014
173,AdaBoostClassifier,"{'learning_rate': 0.3801, 'n_estimators': 200}",0.18333333333333332,0.22912878474779202,0.18333333333333332,0.22912878474779202,0.18,0.22271057451320087,0.78875,0.06999627966304116,0.29379217624664306,0.006063384846584839
174,AdaBoostClassifier,"{'learning_rate': 0.3801, 'n_estimators': 250}",0.19999999999999998,0.20816659994661327,0.21666666666666665,0.2242270674512285,0.2033333333333333,0.206801031589948,0.7883333333333333,0.05856501610271368,0.3684924840927124,0.0070266731481808615
175,AdaBoostClassifier,"{'learning_rate': 0.3801, 'n_estimators': 300}",0.1833333333333333,0.18929694486000911,0.21666666666666665,0.2242270674512285,0.1933333333333333,0.19425069712444623,0.7754166666666666,0.044388202261411776,0.43891618251800535,0.006817119144336429
176,AdaBoostClassifier,"{'learning_rate': 0.3801, 'n_estimators': 350}",0.1833333333333333,0.18929694486000911,0.21666666666666665,0.2242270674512285,0.1933333333333333,0.19425069712444623,0.7820833333333332,0.030336652748779013,0.605392336845398,0.08281768959599431
177,AdaBoostClassifier,"{'learning_rate': 0.3801, 'n_estimators': 400}",0.21666666666666665,0.18333333333333335,0.26666666666666666,0.22607766610417562,0.23333333333333334,0.19148542155126763,0.78875,0.025890393971509978,0.6512078046798706,0.05994458003622241
178,AdaBoostClassifier,"{'learning_rate': 0.3801, 'n_estimators': 450}",0.20833333333333331,0.1796988221070652,0.26666666666666666,0.22607766610417562,0.22857142857142856,0.18952141659173716,0.7825,0.038810436740650066,0.6924013614654541,0.041514639975854896
179,AdaBoostClassifier,"{'learning_rate': 0.3801, 'n_estimators': 500}",0.20833333333333331,0.1796988221070652,0.26666666666666666,0.22607766610417562,0.22857142857142856,0.18952141659173716,0.7825,0.038810436740650066,0.8512088298797608,0.12999630497935122
180,AdaBoostClassifier,"{'learning_rate': 0.4001, 'n_estimators': 100}",0.2333333333333333,0.3265986323710904,0.18333333333333332,0.22912878474779202,0.19666666666666668,0.25053276565484733,0.8141666666666666,0.07164243776483942,0.16852123737335206,0.012895390065044155
181,AdaBoostClassifier,"{'learning_rate': 0.4001, 'n_estimators': 150}",0.18333333333333332,0.22912878474779202,0.18333333333333332,0.22912878474779202,0.18,0.22271057451320087,0.7954166666666665,0.060594565671262056,0.2801072359085083,0.036415942748798565
182,AdaBoostClassifier,"{'learning_rate': 0.4001, 'n_estimators': 200}",0.21666666666666665,0.2242270674512285,0.21666666666666665,0.2242270674512285,0.21333333333333332,0.2181742422927143,0.7949999999999999,0.06313015655506225,0.3203951358795166,0.0167798422472728
183,AdaBoostClassifier,"{'learning_rate': 0.4001, 'n_estimators': 250}",0.1833333333333333,0.18929694486000911,0.21666666666666665,0.2242270674512285,0.1933333333333333,0.19425069712444623,0.7754166666666666,0.044388202261411776,0.4227957248687744,0.01983513692585432
184,AdaBoostClassifier,"{'learning_rate': 0.4001, 'n_estimators': 300}",0.1833333333333333,0.18929694486000911,0.21666666666666665,0.2242270674512285,0.1933333333333333,0.19425069712444623,0.7820833333333332,0.030336652748779013,0.5198012590408325,0.03864561073149877
185,AdaBoostClassifier,"{'learning_rate': 0.4001, 'n_estimators': 350}",0.1833333333333333,0.18929694486000911,0.21666666666666665,0.2242270674512285,0.1933333333333333,0.19425069712444623,0.7820833333333332,0.030336652748779013,0.5727908849716187,0.04408935947620136
186,AdaBoostClassifier,"{'learning_rate': 0.4001, 'n_estimators': 400}",0.21666666666666665,0.18333333333333335,0.26666666666666666,0.22607766610417562,0.23333333333333334,0.19148542155126763,0.78875,0.025890393971509978,0.6571049690246582,0.05621899691257443
187,AdaBoostClassifier,"{'learning_rate': 0.4001, 'n_estimators': 450}",0.20833333333333331,0.1796988221070652,0.26666666666666666,0.22607766610417562,0.22857142857142856,0.18952141659173716,0.7825,0.038810436740650066,0.7067089796066284,0.06791173561310447
188,AdaBoostClassifier,"{'learning_rate': 0.4001, 'n_estimators': 500}",0.20833333333333331,0.1796988221070652,0.26666666666666666,0.22607766610417562,0.22857142857142856,0.18952141659173716,0.7825,0.038810436740650066,0.7344913959503174,0.007765280544363347
189,AdaBoostClassifier,"{'learning_rate': 0.4201, 'n_estimators': 100}",0.2333333333333333,0.3265986323710904,0.18333333333333332,0.22912878474779202,0.19666666666666668,0.25053276565484733,0.8079166666666666,0.06872979501076824,0.1480928421020508,0.004368783761205046
190,AdaBoostClassifier,"{'learning_rate': 0.4201, 'n_estimators': 150}",0.21666666666666665,0.2242270674512285,0.21666666666666665,0.2242270674512285,0.21333333333333332,0.2181742422927143,0.8016666666666665,0.051713688280334034,0.23530957698822022,0.02753818061386072
191,AdaBoostClassifier,"{'learning_rate': 0.4201, 'n_estimators': 200}",0.19999999999999998,0.20816659994661327,0.21666666666666665,0.2242270674512285,0.2033333333333333,0.206801031589948,0.7816666666666666,0.05277704677856339,0.30751824378967285,0.031578887030502455
192,AdaBoostClassifier,"{'learning_rate': 0.4201, 'n_estimators': 250}",0.1833333333333333,0.18929694486000911,0.21666666666666665,0.2242270674512285,0.1933333333333333,0.19425069712444623,0.7754166666666666,0.044388202261411776,0.3851372003555298,0.01879706580992091
193,AdaBoostClassifier,"{'learning_rate': 0.4201, 'n_estimators': 300}",0.1833333333333333,0.18929694486000911,0.21666666666666665,0.2242270674512285,0.1933333333333333,0.19425069712444623,0.7820833333333332,0.030336652748779013,0.4710505962371826,0.02955918249458651
194,AdaBoostClassifier,"{'learning_rate': 0.4201, 'n_estimators': 350}",0.1833333333333333,0.18929694486000911,0.21666666666666665,0.2242270674512285,0.1933333333333333,0.19425069712444623,0.7820833333333332,0.030336652748779013,0.5778942584991456,0.04662662501533184
195,AdaBoostClassifier,"{'learning_rate': 0.4201, 'n_estimators': 400}",0.21666666666666665,0.18333333333333335,0.26666666666666666,0.22607766610417562,0.23333333333333334,0.19148542155126763,0.78875,0.025890393971509978,0.6367972612380981,0.017733045349545323
196,AdaBoostClassifier,"{'learning_rate': 0.4201, 'n_estimators': 450}",0.20833333333333331,0.1796988221070652,0.26666666666666666,0.22607766610417562,0.22857142857142856,0.18952141659173716,0.7825,0.038810436740650066,0.706693172454834,0.04580986040220042
197,AdaBoostClassifier,"{'learning_rate': 0.4201, 'n_estimators': 500}",0.20833333333333331,0.1796988221070652,0.26666666666666666,0.22607766610417562,0.22857142857142856,0.18952141659173716,0.7825,0.038810436740650066,0.8487052202224732,0.09866204890594907
198,AdaBoostClassifier,"{'learning_rate': 0.4401, 'n_estimators': 100}",0.2333333333333333,0.3265986323710904,0.18333333333333332,0.22912878474779202,0.19666666666666668,0.25053276565484733,0.8016666666666665,0.07083823512451137,0.1719998836517334,0.020613820019742712
199,AdaBoostClassifier,"{'learning_rate': 0.4401, 'n_estimators': 150}",0.21666666666666665,0.2242270674512285,0.21666666666666665,0.2242270674512285,0.21333333333333332,0.2181742422927143,0.8016666666666665,0.051713688280334034,0.2447831153869629,0.013713175614354988
200,AdaBoostClassifier,"{'learning_rate': 0.4401, 'n_estimators': 200}",0.19999999999999998,0.20816659994661327,0.21666666666666665,0.2242270674512285,0.2033333333333333,0.206801031589948,0.7816666666666666,0.05277704677856339,0.35640535354614256,0.059526273414133635
201,AdaBoostClassifier,"{'learning_rate': 0.4401, 'n_estimators': 250}",0.1833333333333333,0.18929694486000911,0.21666666666666665,0.2242270674512285,0.1933333333333333,0.19425069712444623,0.7820833333333332,0.030336652748779013,0.44759693145751955,0.059233290584256366
202,AdaBoostClassifier,"{'learning_rate': 0.4401, 'n_estimators': 300}",0.1833333333333333,0.18929694486000911,0.21666666666666665,0.2242270674512285,0.1933333333333333,0.19425069712444623,0.7820833333333332,0.030336652748779013,0.5172095537185669,0.07635486515942254
203,AdaBoostClassifier,"{'learning_rate': 0.4401, 'n_estimators': 350}",0.1833333333333333,0.18929694486000911,0.21666666666666665,0.2242270674512285,0.1933333333333333,0.19425069712444623,0.7820833333333332,0.030336652748779013,0.6021796464920044,0.03833433124208946
204,AdaBoostClassifier,"{'learning_rate': 0.4401, 'n_estimators': 400}",0.21666666666666665,0.18333333333333335,0.26666666666666666,0.22607766610417562,0.23333333333333334,0.19148542155126763,0.78875,0.025890393971509978,0.655910062789917,0.06764436692637285
205,AdaBoostClassifier,"{'learning_rate': 0.4401, 'n_estimators': 450}",0.20833333333333331,0.1796988221070652,0.26666666666666666,0.22607766610417562,0.22857142857142856,0.18952141659173716,0.7825,0.038810436740650066,0.7933928012847901,0.09495388831882991
206,AdaBoostClassifier,"{'learning_rate': 0.4401, 'n_estimators': 500}",0.20833333333333331,0.1796988221070652,0.26666666666666666,0.22607766610417562,0.22857142857142856,0.18952141659173716,0.7825,0.038810436740650066,0.8969022274017334,0.11686307542270448
207,AdaBoostClassifier,"{'learning_rate': 0.4601, 'n_estimators': 100}",0.2333333333333333,0.3265986323710904,0.18333333333333332,0.22912878474779202,0.19666666666666668,0.25053276565484733,0.8016666666666665,0.07083823512451137,0.16040713787078859,0.011046144794082774
208,AdaBoostClassifier,"{'learning_rate': 0.4601, 'n_estimators': 150}",0.18333333333333332,0.22912878474779202,0.18333333333333332,0.22912878474779202,0.18,0.22271057451320087,0.7954166666666665,0.060594565671262056,0.23490383625030517,0.017266136483834914
209,AdaBoostClassifier,"{'learning_rate': 0.4601, 'n_estimators': 200}",0.19999999999999998,0.20816659994661327,0.21666666666666665,0.2242270674512285,0.2033333333333333,0.206801031589948,0.7816666666666666,0.05277704677856339,0.35989692211151125,0.06665955698525132
210,AdaBoostClassifier,"{'learning_rate': 0.4601, 'n_estimators': 250}",0.1833333333333333,0.18929694486000911,0.21666666666666665,0.2242270674512285,0.1933333333333333,0.19425069712444623,0.7754166666666666,0.044388202261411776,0.3977804183959961,0.030836142413837378
211,AdaBoostClassifier,"{'learning_rate': 0.4601, 'n_estimators': 300}",0.1833333333333333,0.18929694486000911,0.21666666666666665,0.2242270674512285,0.1933333333333333,0.19425069712444623,0.7820833333333332,0.030336652748779013,0.491709041595459,0.04642442793987942
212,AdaBoostClassifier,"{'learning_rate': 0.4601, 'n_estimators': 350}",0.21666666666666665,0.18333333333333335,0.26666666666666666,0.22607766610417562,0.23333333333333334,0.19148542155126763,0.78875,0.025890393971509978,0.5705085515975952,0.04250303824749544
213,AdaBoostClassifier,"{'learning_rate': 0.4601, 'n_estimators': 400}",0.21666666666666665,0.18333333333333335,0.26666666666666666,0.22607766610417562,0.23333333333333334,0.19148542155126763,0.78875,0.025890393971509978,0.6697969436645508,0.04060153995857611
214,AdaBoostClassifier,"{'learning_rate': 0.4601, 'n_estimators': 450}",0.21666666666666665,0.18333333333333335,0.26666666666666666,0.22607766610417562,0.23333333333333334,0.19148542155126763,0.78875,0.025890393971509978,0.7753139734268188,0.07294589684474462
215,AdaBoostClassifier,"{'learning_rate': 0.4601, 'n_estimators': 500}",0.20833333333333331,0.1796988221070652,0.26666666666666666,0.22607766610417562,0.22857142857142856,0.18952141659173716,0.7825,0.038810436740650066,0.8069058895111084,0.04444416716155344
216,AdaBoostClassifier,"{'learning_rate': 0.48009999999999997, 'n_estimators': 100}",0.18333333333333332,0.22912878474779202,0.18333333333333332,0.22912878474779202,0.18,0.22271057451320087,0.7954166666666665,0.060594565671262056,0.1721144437789917,0.012173366079144814
217,AdaBoostClassifier,"{'learning_rate': 0.48009999999999997, 'n_estimators': 150}",0.21666666666666665,0.2242270674512285,0.21666666666666665,0.2242270674512285,0.21333333333333332,0.2181742422927143,0.7883333333333333,0.05856501610271368,0.2767021179199219,0.03744079845578547
218,AdaBoostClassifier,"{'learning_rate': 0.48009999999999997, 'n_estimators': 200}",0.1833333333333333,0.18929694486000911,0.21666666666666665,0.2242270674512285,0.1933333333333333,0.19425069712444623,0.7754166666666666,0.044388202261411776,0.35230963230133056,0.02582866698813629
219,AdaBoostClassifier,"{'learning_rate': 0.48009999999999997, 'n_estimators': 250}",0.1833333333333333,0.18929694486000911,0.21666666666666665,0.2242270674512285,0.1933333333333333,0.19425069712444623,0.7820833333333332,0.030336652748779013,0.42108705043792727,0.028764663050087
220,AdaBoostClassifier,"{'learning_rate': 0.48009999999999997, 'n_estimators': 300}",0.21666666666666665,0.18333333333333335,0.26666666666666666,0.22607766610417562,0.23333333333333334,0.19148542155126763,0.78875,0.025890393971509978,0.5050978660583496,0.028438827662895405
221,AdaBoostClassifier,"{'learning_rate': 0.48009999999999997, 'n_estimators': 350}",0.21666666666666665,0.18333333333333335,0.26666666666666666,0.22607766610417562,0.23333333333333334,0.19148542155126763,0.78875,0.025890393971509978,0.566597580909729,0.04118735316648565
222,AdaBoostClassifier,"{'learning_rate': 0.48009999999999997, 'n_estimators': 400}",0.21666666666666665,0.18333333333333335,0.26666666666666666,0.22607766610417562,0.23333333333333334,0.19148542155126763,0.78875,0.025890393971509978,0.8195217609405517,0.16548983055441194
223,AdaBoostClassifier,"{'learning_rate': 0.48009999999999997, 'n_estimators': 450}",0.20833333333333331,0.1796988221070652,0.26666666666666666,0.22607766610417562,0.22857142857142856,0.18952141659173716,0.7825,0.038810436740650066,0.8041025400161743,0.18585443197642518
224,AdaBoostClassifier,"{'learning_rate': 0.48009999999999997, 'n_estimators': 500}",0.20833333333333331,0.1796988221070652,0.26666666666666666,0.22607766610417562,0.22857142857142856,0.18952141659173716,0.7825,0.038810436740650066,1.0156983375549316,0.27491808197139356
